Designator,Mid X,Mid Y,Rotation,Layer
C61,-22.198,83.972,180,bottom
C62,-22.14419,113.772,180,bottom
C69,-22.098,134.172,180,bottom
C70,-22.098,93.772,180,bottom
C77,-22.098,103.772,180,bottom
C78,-22.098,124.172,180,bottom
C85,-283.323031,13.276247,180,bottom
D3,-16.764,150.048,-90,bottom
D4,-17.272,96.454,90,bottom
D5,-281.686,33.462,-90,bottom
D6,-289.052,127.792,180,bottom
D7,-17.018,85.374,-90,bottom
D8,-17.272,167.162,-90,bottom
D9,-239.618,122.712,0,bottom
D11,-17.526,116.616,-90,bottom
D12,-60.96,160.608,-90,bottom
D13,-18.034,184.022,-90,bottom
D14,-16.764,105.694,-90,bottom
D15,-60.96,142.936,-90,bottom
D16,-60.96,177.988,-90,bottom
D17,-16.51,136.936,90,bottom
D18,-60.96,156.894,-90,bottom
D19,-16.256,124.744,-90,bottom
D20,-60.96,139.126,-90,bottom
D21,-35.196,144.556,0,bottom
D22,-35.1,147.604,0,bottom
D23,-35.196,150.398,0,bottom
D24,-35.45,161.32,0,bottom
D25,-35.45,164.78,0,bottom
D26,-35.45,167.828,0,bottom
D27,-35.196,179.1,0,bottom
D28,-35.196,182.656,0,bottom
D29,-35.196,185.45,0,bottom
D30,-38.608,80.802,90,bottom
D32,-38.862,93.502,-90,bottom
D33,-37.084,99.09,-90,bottom
D35,-39.116,110.932,-90,bottom
D36,-37.323001,118.193997,-90,bottom
D38,-37.592,130.078,90,bottom
D40,-31.62,63.942,-90,bottom
D42,-31.366,54.386,-90,bottom
D43,-60.96,173.766,-90,bottom
D48,-31.62,44.102,-90,bottom
D50,-31.62,35.336,-90,bottom
D55,-268.478,7.142,-90,bottom
D56,-290.83,47.274,0,bottom
D67,-71.474725,15.189173,0,bottom
D68,-93.472,15.524,0,bottom
D69,-113.875921,15.053214,0,bottom
D70,-135.19438,15.524,0,bottom
D72,-97.850766,15.49861,0,bottom
D74,-143.668,16.032,180,bottom
D79,-140.208,212.374,180,bottom
D80,-166.116,211.866,180,bottom
D81,-191.516,211.612,180,bottom
D91,-93.98,212.12,0,bottom
D92,-116.84,211.104,0,bottom
D93,-72.644,212.12,180,bottom
D94,-59.436,212.12,0,bottom
D95,-80.01,212.12,180,bottom
D96,-101.6,211.866,180,bottom
D112,-130.278,209.326,180,bottom
D113,-155.956,208.163,180,bottom
D114,-182.53,211.866,180,bottom
D120,-64.239947,63.417748,-90,bottom
D124,-64.008,45.75,0,bottom
D142,-178.912,34.574,0,bottom
D143,-163.078717,36.017163,-90,bottom
D159,-84.836,83.596,-90,bottom
D160,-84.328,104.328,-90,bottom
D161,-80.772,124.744,180,bottom
D174,-290.692447,20.639929,0,bottom
D179,-99.06,30.51,0,bottom
R3,-22.198,86.172,0,bottom
R8,-22.098,116.072,0,bottom
R9,-22.098,136.472,0,bottom
R10,-22.098,95.972,0,bottom
R279,-22.098,106.072,0,bottom
R280,-22.1105,126.472,0,bottom
R283,-285.496,26.7,0,bottom
R284,-291.084,17.556,0,bottom
R285,-287.02,14.762,180,bottom
C1,276.4635,42.194,180,top
C2,252.476,81.564,90,top
C3,289.56,111.79,0,top
C4,229.362,33.558,90,top
C5,259.842,105.694,0,top
C6,287.02,102.9,0,top
C7,255.992,112.806,180,top
C8,260.818,112.806,0,top
C9,244.094,26.192,-90,top
C10,250.698,33.558,90,top
C11,238.76,108.488,180,top
C12,246.38,104.17,90,top
C13,255.016,33.558,90,top
C14,257.302,33.558,90,top
C15,268.478,33.668299,90,top
C16,262.89,33.668299,90,top
C17,58.535,181.794502,180,top
C18,58.7265,164.560502,180,top
C19,58.4725,147.542502,180,top
C20,51.423,181.832502,180,top
C21,51.3605,164.560502,180,top
C22,51.3605,147.542502,180,top
C23,58.793,119.817998,180,top
C24,50.215,123.373998,180,top
C25,58.851,99.852,180,top
C26,59.009,79.786,180,top
C27,50.177,103.307998,180,top
C28,50.373,83.087998,0,top
C29,43.625,59.974,180,top
C30,43.688,50.576,180,top
C31,43.688,41.178,180,top
C32,50.038,66.07,0,top
C33,50.038,56.926,0,top
C34,50.038,47.274,0,top
C35,281.848,15.572,0,top
C36,43.688,31.3675,180,top
C37,50.038,37.368,0,top
C38,16.368001,24.414,90,top
C39,26.020001,24.414,90,top
C40,35.418001,24.414,90,top
C41,44.816001,24.414,90,top
C42,103.516,26.195001,0,top
C43,145.285999,25.941001,0,top
C44,148.566,205.623,180,top
C45,174.474,205.623,180,top
C46,200.2785,205.623,180,top
C47,157.197001,25.071998,90,top
C48,166.849001,25.071998,90,top
C49,176.501001,25.071998,90,top
C50,65.280501,204.315999,0,top
C51,86.720001,204.315999,0,top
C52,108.194001,204.315999,0,top
C53,24.299001,205.331999,180,top
C54,40.492001,205.331999,180,top
C55,108.1375,149.114,0,top
C56,132.3598,91.064,0,top
C57,93.502,65.66,0,top
C58,59.008,56.3616,-90,top
C59,169.00445,45.04145,180,top
C60,122.9018,88.012,0,top
C63,108.1375,151.4,0,top
C64,132.3598,93.334,0,top
C65,93.7,68.2,0,top
C66,59.008,58.6476,90,top
C67,166.23845,45.03345,0,top
C68,120.3618,89.79,180,top
C71,117.9435,152.4,0,top
C72,171.38,140.966,180,top
C73,93.62,52.674,0,top
C74,92.572,40.6,0,top
C75,149.148,39.657001,0,top
C76,282.42,11.201999,0,top
C79,115.6575,152.4,180,top
C80,173.92,140.966,0,top
C81,90.762,54.706,180,top
C82,90.06,40.604,180,top
C83,146.608,41.435001,0,top
C84,279.88,11.201999,180,top
C87,125.9455,152.7105,0,top
C88,172.042,129.962,180,top
C89,59.008,45.6936,90,top
C90,106.476,36.609001,0,top
C91,203.036,47.686,180,top
C92,275.49,48.29,0,top
C95,123.6595,152.7105,180,top
C96,174.582,129.962,0,top
C97,59.008,47.9796,90,top
C98,104.1856,36.609001,180,top
C99,205.858,46.416,0,top
C100,273.204,48.29,180,top
C103,146.9125,152.2,0,top
C104,165.4235,152.3,0,top
C105,59.008,36.8316,-90,top
C106,106.73,44.229001,0,top
C107,203.318,37.526,180,top
C111,144.8805,152.204,180,top
C112,163.1095,152.296,180,top
C113,59.008,39.0896,90,top
C114,104.444,44.229001,180,top
C115,205.576,36.51,0,top
C119,156.0535,152.4,0,top
C120,143.018,138.56,180,top
C121,60.54,27.786,0,top
C122,178.161,44.476,0,top
C123,123.24,44.483001,0,top
C126,153.7395,152.4,180,top
C127,144.898,136.772,0,top
C128,58.226,27.786,180,top
C129,175.875,44.48,180,top
C130,120.728,44.483001,180,top
C133,97.1375,149.51,0,top
C134,136.0375,152,0,top
C135,58.254,22.782,180,top
C136,187.051,44.476,0,top
C137,206.084,30.252,180,top
C140,97.1375,151.8,0,top
C141,133.4975,152,180,top
C142,60.794,22.786,0,top
C143,184.257,44.48,0,top
C144,208.398,30.252,0,top
C147,84.905,137.3384,0,top
C148,92.872,120.414,0,top
C149,92.512,47.59,0,top
C150,160.889,44.226,0,top
C151,122.978,101.982,0,top
C154,84.905,139.8784,0,top
C155,92.9,122.7,0,top
C156,90.218,47.594,180,top
C157,158.349,44.226,180,top
C158,119.93,103.76,180,top
C161,22.578,202.218,0,top
C162,67.564,153.95,0,top
C163,191.032,160.566,0,top
C164,247.674,147.81,0,top
C165,45.466,202.151,0,top
C166,70.64,123.478,180,top
C167,274.158,165.25,0,top
C168,66.998,127.472,0,top
C169,67.31,202.21,0,top
C170,70.386,103.412,180,top
C171,219.58,145.959,0,top
C172,66.898,107.472,0,top
C173,238.764,206.95,180,top
C174,211.706,155.459,180,top
C175,92.738,200.06,0,top
C176,70.33,82.838,180,top
C177,192.048,179.001,0,top
C178,66.698,87.472,0,top
C179,266.538,207.04,180,top
C180,264.518,140.746,180,top
C181,118.492,200.06,0,top
C182,246.666,214.058,0,top
C183,219.58,162.571,0,top
C184,238.538,190.944,180,top
C185,211.03,172.157,180,top
C186,266.538,191.038,180,top
C187,142.266,200.06,0,top
C188,274.412,214.152,0,top
C189,274.412,148.112,0,top
C190,215.166,207.04,0,top
C191,238.792,174.692,180,top
C192,217.932,190.816,180,top
C193,166.766,200.06,0,top
C194,246.412,198.056,0,top
C195,218.904,179.269,0,top
C196,266.538,175.036,180,top
C197,242.348,156.976,180,top
C198,183.44,153.454,180,top
C199,192.224,199.814,0,top
C200,274.412,198.15,0,top
C201,222.094,214.028,0,top
C202,242.114,140.698,180,top
C203,266.284,158.138,180,top
C204,56.896,124.998,180,top
C205,67.564,188.748,0,top
C206,246.92,182.054,0,top
C207,221.508,197.924,0,top
C208,211.678,138.847,180,top
C209,67.592,171.649,0,top
C210,274.666,182.148,0,top
C211,247.428,164.084,0,top
C212,56.896,104.932,180,top
C213,292.354,119.918,0,top
C214,233.934,118.394,-90,top
C215,184.174,171.889,180,top
C216,56.388,84.87,180,top
D1,264.6895,52.1,-90,top
D2,282.956,62.49,0,top
D10,288.798,36.606,0,top
D31,39.878,87.66,-90,top
D34,42.672,103.916,0,top
D37,42.672,123.474,0,top
D39,17.526,67.594,-90,top
D41,17.78,57.563998,-90,top
D44,249.428,208.818,90,top
D45,277.114,208.914,90,top
D46,249.174,192.308,90,top
D47,17.78,47.94,-90,top
D49,17.78,37.21,-90,top
D51,256.54,205.866,90,top
D52,286.004,207.644,90,top
D53,256.794,191.546,90,top
D54,277.114,192.054,90,top
D57,249.428,176.656,90,top
D58,277.368,176.464,90,top
D59,16.022001,18.572,180,top
D60,25.512001,18.572,180,top
D61,34.910001,18.572,180,top
D62,44.870001,18.572,180,top
D63,286.258,190.53,90,top
D64,254.604,171.48,0,top
D65,285.496,175.29,90,top
D66,76.962,123.22,0,top
D71,76.804,103.408,0,top
D73,79.502,118.648,-90,top
D75,81.026,98.328,-90,top
D76,76.454,83.088,0,top
D77,81.534,77.246,-90,top
D78,223.362,201.198,90,top
D82,248.92,167.512,90,top
D83,249.936,149.89,90,top
D84,224.124,190.276,0,top
D85,160.753001,18.721998,180,top
D86,170.659001,18.721998,180,top
D87,180.311001,18.721998,180,top
D88,250.032,139.222,0,top
D89,249.524,156.494,0,top
D90,277.368,150.652,90,top
D97,277.31,167.004,90,top
D98,221.996,181.894,90,top
D99,278.034,157.002,0,top
D100,211.943,8.666,0,top
D101,201.676,11.46,0,top
D102,207.625,8.666,180,top
D103,199.61682,3.52583,90,top
D104,203.815,8.666,0,top
D105,222.346,171.734,0,top
D106,18.542,207.294,-90,top
D107,61.722,71.562,-90,top
D108,35.56,207.294,-90,top
D109,16.002,92.074,-90,top
D110,15.494,111.282,90,top
D111,15.748,131.19,90,top
D115,261.366,72.966,-90,top
D116,275.357,25.6665,90,top
D117,276.944,128.5,0,top
D118,244.602,123.982,90,top
D119,62.493464,65.416639,-90,top
D121,75.789489,68.485956,0,top
D122,77.216,63.434,-90,top
D123,81.788,59.212,90,top
D125,63.107774,54.229786,-90,top
D126,81.534,48.132,90,top
D127,80.735399,52.957683,90,top
D128,108.966,25.592,90,top
D129,140.590256,22.734,90,top
D130,63.496477,42.550727,-90,top
D131,63.596877,33.262652,0,top
D132,68.146426,30.599772,-90,top
D133,68.23,24.775219,-90,top
D134,117.235452,35.082,0,top
D135,134.528,35.082,0,top
D136,81.987358,45.389884,-90,top
D137,81.688366,38.952246,180,top
D138,83.73375,36.884809,180,top
D139,86.149656,32.796,0,top
D140,154.648803,36.271864,180,top
D141,169.672,34.32,0,top
D144,171.704,36.86,0,top
D145,182.022,35.844,0,top
D146,106.934,188.498,-90,top
D147,94.234,189.514,-90,top
D148,107.188,171.734,0,top
D149,93.472,184.18,90,top
D150,119.888,189.356,90,top
D151,120.396,171.734,0,top
D152,76.708,186.72,90,top
D153,86.36,188.752,90,top
D154,83.312,182.56,90,top
D155,85.344,182.656,90,top
D156,216.662,8.666,0,top
D157,216.662,11.714,180,top
D158,277.114,144.81,90,top
D162,139.446,189.26,90,top
D163,148.844,188.752,0,top
D164,165.862,189.006,180,top
D165,149.098,171.734,180,top
D166,131.572,171.734,0,top
D167,159.766,171.734,0,top
D168,139.192,171.734,0,top
D169,151.638,171.734,0,top
D170,165.608,171.734,0,top
D171,102.616,171.734,0,top
D172,114.046,171.734,0,top
D173,126.492,171.734,0,top
D178,139.338,29.494,0,top
D180,121.254,35.082,0,top
D181,126.091382,35.08249,180,top
D182,193.802,173.004,-90,top
D183,194.31,158.176,90,top
D184,199.644,168.686,180,top
D185,198.12,150.906,180,top
F1,279.1555,83.596,-90,top
FID1,284.226,4.856,0,top
FID2,8.5,20,0,top
FID3,8.5,208.3,0,top
J1,286.979,87.136,-90,top
J2,257.287,69.626,-90,top
J3,286.7155,67.832,-90,top
J4,284.822001,23.144,90,top
J5,281.025,133,-90,top
J6,236.728,124.998,90,top
J7,255.1505,26.192,0,top
J8,236.93,2.115,0,top
J9,188.503,113.257,0,top
J10,165.6445,113.26,0,top
J11,197.608,67.532,0,top
J12,170.7245,67.532,0,top
J13,12.585,180.233997,-90,top
J14,12.585,163.215997,-90,top
J15,12.585,146.197997,-90,top
J16,9.217,125.311496,-90,top
J17,9.225,104.999996,-90,top
J18,9.269,84.925496,-90,top
J19,31.242,180.233997,-90,top
J20,31.242,163.215997,-90,top
J21,31.213,145.943999,-90,top
J22,32.339,117.843997,-90,top
J23,32.339,100.799999,-90,top
J24,32.291,83.843997,-90,top
J25,12.516999,63.405998,-90,top
J26,34.492,63.152,-90,top
J27,12.553,53.753998,-90,top
J28,34.544,53.5,-90,top
J29,12.553,44.101998,-90,top
J30,34.544,43.848,-90,top
J31,12.605,34.449998,-90,top
J32,34.544,34.196,-90,top
J33,264.754,14.249999,0,top
J34,284.831501,44.988,90,top
J35,19.298,14,0,top
J36,28.95,14,0,top
J37,38.602,14,0,top
J38,48.254,14,0,top
J39,80.567999,12.028999,0,top
J40,101.717999,12,0,top
J41,122.731999,12.028999,0,top
J42,144,12,0,top
J43,132.496002,215.567001,180,top
J44,158.200002,215.5,180,top
J45,183.600002,215.5,180,top
J46,164.309001,14.149998,0,top
J47,173.961001,14.149998,0,top
J48,183.749,14.201999,0,top
J49,54.766004,215.208999,180,top
J50,76.356003,215.209,180,top
J51,98.200003,215.209,180,top
J52,193.655,14.201999,0,top
J53,20.036001,215.208999,180,top
J54,37.308001,215.208999,180,top
J55,252,208.485,180,top
J56,280,208.579,180,top
J57,203.84,5.872,90,top
J58,252,191.975,180,top
J59,280,192.069,180,top
J60,44.633,173.694998,-90,top
J61,44.633,160.994998,-90,top
J62,44.704,190.276,-90,top
J63,44.653,178.037998,-90,top
J64,44.633,156.422998,-90,top
J65,44.393,143.647998,-90,top
J66,252,176.212,180,top
J67,280,176.067,180,top
J68,280,149.113,0,top
J69,225,181.54,0,top
J70,280,166.52,0,top
J71,259.4685,26.207,0,top
J72,52.7425,176.310504,90,top
J73,52.6425,159.110504,90,top
J74,52.7425,141.510504,90,top
J75,44.491,131.190996,-90,top
J76,44.511,118.844996,-90,top
J77,44.511,111.224996,-90,top
J78,44.511,98.778996,-90,top
J79,44.511,91.158996,-90,top
J80,44.511,78.458996,-90,top
J81,258.44,13.231499,180,top
J82,286.019,33.812,90,top
J84,76.439,120.426,-90,top
J85,76.439,100.36,-90,top
J86,75.931,80.04,-90,top
J87,252.5,149.065,0,top
J88,252,166.55,0,top
J89,226.01,200.214,0,top
J90,67.822,60.172,90,top
J91,68.076,71.602,90,top
J92,68.076,65.76,90,top
J93,67.822,54.584,90,top
J94,67.837,48.996,90,top
J95,74.584,30.962,90,top
J96,130.352,25.194001,180,top
J97,67.837,37.058,90,top
J98,67.837,42.9,90,top
J99,74.569,25.12,90,top
J100,113.334,25.194001,180,top
J101,148.554,186.04,0,top
J102,135.6,186.055,0,top
J103,161,186.025,0,top
J104,157.079,31.526,90,top
J105,167.762,31.526,90,top
J106,177.907,31.526,90,top
J107,110.454,186.294,0,top
J108,98.008,186.294,0,top
J109,122.9,186.294,0,top
J110,80.482,186.294,0,top
J111,89.372,186.309,0,top
J115,78.755,86.898,90,top
J116,78.74,107.472,90,top
J117,78.755,127.538,90,top
J118,141.95,182.977,0,top
J119,154.65,182.992,0,top
J120,167.35,182.992,0,top
J121,104.358,182.992,0,top
J122,116.804,182.977,0,top
J123,128.488,182.977,0,top
J124,95.808,25.179001,180,top
J125,118.922,25.194001,180,top
J126,124.764,25.194001,180,top
J127,136.194,25.194001,180,top
J131,197.058,173.286,180,top
J132,197.058,156.771,180,top
K1,270.4394,62.26,180,top
L1,241.808,61.752,-90,top
L2,291.098,99.172,90,top
L3,252.276,98.452,90,top
Q1,258.572,49.306,90,top
R1,289.8595,52.037,180,top
R2,276.6515,44.48,180,top
R4,259.334,41.686,-90,top
R5,287.02,105.44,180,top
R6,248.92,21.112,90,top
R7,265.176,131.094,90,top
R11,21.336,63.276,90,top
R12,19.05,53.37,-90,top
R13,21.336,53.37,90,top
R14,19.05,63.276,-90,top
R15,19.05,43.21,-90,top
R16,21.336,43.21,90,top
R17,19.05,32.796,-90,top
R18,21.082,32.796,90,top
R19,270.342,15.519999,90,top
R20,283.8795,50.6715,180,top
R21,21.956001,21.928,90,top
R22,31.608001,21.928,90,top
R23,41.006001,21.874,90,top
R24,50.658001,21.874,90,top
R25,70.272001,19.083001,0,top
R26,90.869,19.08,0,top
R27,112.690001,19.083001,0,top
R28,132.842,19.08,0,top
R29,162.785001,22.531998,90,top
R30,172.437001,22.531998,90,top
R31,182.089001,22.531998,90,top
R32,63.5,207.871999,0,top
R33,84.773,207.871999,0,top
R34,107.294001,207.871999,0,top
R35,55.067,184.118502,180,top
R36,54.9165,166.846502,0,top
R37,54.9675,150.010504,0,top
R38,43.434,185.704,0,top
R39,43.383,169.147998,0,top
R40,58.623,186.404502,0,top
R41,51.511,186.404502,0,top
R42,58.7265,169.132502,0,top
R43,51.3605,169.132502,0,top
R44,58.4725,152.114502,0,top
R45,43.294,152.026,0,top
R46,280.5,128.5,0,top
R47,245.11,117.2275,-90,top
R48,51.2945,152.114502,0,top
R49,236.823,210.248,90,top
R50,263.7475,209.326,90,top
R51,236.76,194.5,90,top
R52,235.744,215.582,0,top
R53,65.024,184.688,-90,top
R54,65.024,167.589,-90,top
R55,248.92,25.43,90,top
R56,65.024,149.89,-90,top
R57,291.084,130.332,180,top
R58,292.9655,128.046,180,top
R59,43.165,126.997996,0,top
R60,43.261,106.931996,0,top
R61,51.681,119.817998,0,top
R62,50.215,126.675998,0,top
R63,51.739,99.751998,0,top
R64,50.215,106.609998,0,top
R65,51.739,79.785998,0,top
R66,43.261,86.865996,0,top
R67,50.373,86.643998,0,top
R68,263.744,215.676,0,top
R69,235.744,198.818,0,top
R70,239.554,217.614,0,top
R71,74.168,127.538,90,top
R72,74.168,107.472,90,top
R73,242.57,117.2275,90,top
R74,247.904,117.124,-90,top
R75,74.168,86.898,90,top
R76,235.966,12.476,-90,top
R77,267.3,217.708,0,top
R78,239.3,201.104,0,top
R79,243.364,215.582,0,top
R80,270.9595,215.676,0,top
R81,242.856,198.818,0,top
R82,246.666,211.772,90,top
R83,246.666,208.47,90,top
R84,274.158,211.866,90,top
R85,274.158,208.501,90,top
R86,246.412,195.77,90,top
R87,246.412,192.468,90,top
R88,254.9,210.936,-90,top
R89,213.634,196.15,-90,top
R90,282.9,211.058,-90,top
R91,254.9,194.546,-90,top
R92,264.506,194.594,90,top
R93,236.76,178.498,90,top
R94,264.506,178.592,90,top
R95,263.49,199.674,0,top
R96,235.744,183.07,0,top
R97,263.5935,183.418,0,top
R98,43.18,56.672,0,top
R99,43.117,66.07,0,top
R100,43.18,47.02,0,top
R101,50.038,59.974,0,top
R102,50.038,50.576,0,top
R103,50.038,41.178,0,top
R104,43.117,63.022,0,top
R105,43.18,53.624,0,top
R106,43.18,44.226,0,top
R107,50.038,62.768,0,top
R108,50.038,53.624,0,top
R109,50.038,44.226,0,top
R110,270.342,10.439999,90,top
R111,277.464,15.572,0,top
R112,237.998,12.476,90,top
R113,19.006,87.886498,180,top
R114,77.47,19.334,0,top
R115,43.18,37.4635,0,top
R116,50.038,31.272,0,top
R117,43.18,34.4155,0,top
R118,50.038,34.066,0,top
R119,97.536,19.334,0,top
R120,119.126,19.334,0,top
R121,18.400001,21.874,90,top
R122,28.052001,21.928,90,top
R123,37.450001,21.874,90,top
R124,47.102001,21.874,90,top
R125,20.178001,21.874,90,top
R126,29.830001,21.928,90,top
R127,39.228001,21.874,90,top
R128,48.880001,21.874,90,top
R129,103.546001,22.639001,180,top
R130,145.338,22.639001,180,top
R131,83.444,32.74,0,top
R132,130.352,35.085001,0,top
R133,76.966,39.344,0,top
R134,76.966,44.932,0,top
R135,83.444,26.898,0,top
R136,113.271,35.085001,0,top
R137,148.566,207.909,0,top
R138,174.474,207.909,0,top
R139,200.2785,207.909,0,top
R140,164.3,196.1,-90,top
R141,139.952,196,-90,top
R142,189.764,196,-90,top
R143,148.554,176.403,180,top
R144,135.6,176.418,180,top
R145,161,176.373,180,top
R146,159.229001,22.531998,90,top
R147,168.881001,22.531998,90,top
R148,178.533001,22.531998,90,top
R149,161.007001,22.531998,90,top
R150,170.659001,22.531998,90,top
R151,180.311001,22.531998,90,top
R152,159.473,34.372,180,top
R153,175.26,34.32,0,top
R154,186.69,34.32,0,top
R155,57.152501,204.315999,0,top
R156,78.846001,204.315999,0,top
R157,100.436001,204.315999,0,top
R158,90.452,196,-90,top
R159,64.6115,198.15,-90,top
R160,115.952,196,-90,top
R161,110.454,176.388,180,top
R162,98.008,176.403,180,top
R163,122.174,176.72,180,top
R164,24.299001,207.617999,0,top
R165,40.492001,207.617999,0,top
R166,42.7675,198.087,-90,top
R167,19.9075,198.0465,-90,top
R168,139.446,19.334,0,top
R169,101.198001,207.871999,0,top
R170,19.006,107.889498,180,top
R171,19.006,127.351998,180,top
R172,135.612,208.163,180,top
R173,81.28,89.946,180,top
R174,81.265,110.266,180,top
R175,81.28,130.332,180,top
R176,58.272001,207.871999,0,top
R177,79.862001,207.871999,0,top
R178,267.046,201.706,0,top
R179,239.3,185.102,0,top
R180,267.4035,185.704,0,top
R181,270.7055,199.674,0,top
R182,160.504,208.163,180,top
R183,186.666,208.417,180,top
R184,261.366,69.4755,-90,top
R185,275.336,29.9145,90,top
R186,243.11,183.07,180,top
R187,271.2135,183.672,180,top
R188,274.158,195.864,90,top
R189,274.158,192.562,90,top
R190,246.666,179.768,90,top
R191,246.666,176.466,90,top
R192,274.158,179.862,90,top
R193,274.158,176.56,90,top
R194,282.9,194.7,-90,top
R195,254.9,178.737,-90,top
R196,282.9,178.6,-90,top
R197,55.549,129.469998,90,top
R198,55.803,109.403998,90,top
R199,55.707,89.438,90,top
R200,58.597,132.872,0,top
R201,58.597,113.06,0,top
R202,58.501,92.994,0,top
R203,65.532,132.872,180,top
R204,65.532,113.06,0,top
R205,65.532,92.994,0,top
R206,209.674,159.015,90,top
R207,209.674,142.403,90,top
R208,212.118,210.472,90,top
R209,208.7615,147.737,180,top
R210,211.137,215.676,0,top
R211,208.534,164.114,0,top
R212,218.503,215.676,0,top
R213,215.9,164.114,0,top
R214,216.1275,147.737,0,top
R215,264.252,144.302,90,top
R216,219.326,160.285,90,top
R217,219.326,156.983,90,top
R218,219.326,143.673,90,top
R219,219.326,140.371,90,top
R220,222.024,211.742,90,top
R221,222.024,208.44,90,top
R222,263.138,149.382,0,top
R223,234.474,167.39,0,top
R224,234.474,165.104,180,top
R225,239.3,162.056,90,top
R226,234.466,151.366,0,top
R227,234.466,149.08,180,top
R228,239.292,145.778,90,top
R229,208.5875,201.3805,0,top
R230,208.5875,199.0945,180,top
R231,266.948,151.668,0,top
R232,270.758,149.382,0,top
R233,234.466,141.714,0,top
R234,208.634,191.9275,0,top
R235,234.474,157.992,0,top
R236,208.571,194.9755,0,top
R237,234.474,161.04,0,top
R238,234.466,144.762,0,top
R239,274.158,145.572,90,top
R240,274.158,142.27,90,top
R241,214.072,192.34,90,top
R242,240.125,158.246,90,top
R243,240.054,141.968,90,top
R244,283.21,146.588,90,top
R245,217.952,198.182,180,top
R246,243.872,164.342,180,top
R247,243.864,148.064,180,top
R248,208.998,175.713,90,top
R249,263.998,161.694,90,top
R250,207.84,180.624,0,top
R251,263.236,166.774,0,top
R252,229.11,197.687,90,top
R253,255,164.025,90,top
R254,255.5,146.4,90,top
R255,211.65,182.91,0,top
R256,267.046,169.06,0,top
R257,215.46,180.878,180,top
R258,270.856,166.774,180,top
R259,218.65,176.983,90,top
R260,218.65,173.681,90,top
R261,273.904,162.964,90,top
R262,273.904,159.408,90,top
R263,228.2,179.269,90,top
R264,282.9,164,90,top
R265,181.818,174.429,90,top
R266,181.38,155.74,90,top
R267,180.872,180.751,0,top
R268,180.364,162.09,0,top
R269,184.682,183.037,0,top
R270,183.92,164.376,0,top
R271,188.492,180.751,0,top
R272,187.476,162.09,0,top
R273,191.724,176.842,90,top
R274,191.724,173.54,90,top
R275,191.032,158.28,90,top
R276,191.032,154.978,90,top
R277,200.058,175.996,-90,top
R278,199.958,159.296,-90,top
R281,247.904,123.728,-90,top
R282,269.24,40.67,0,top
RV1,153.276,196,-90,top
RV2,178,196,-90,top
RV3,54.356,198.15,-90,top
RV4,79.276,196,-90,top
RV5,104.776,195.746,-90,top
RV6,8.382,198.15,-90,top
RV7,31.242,198.404,-90,top
RV27,128.776,196,-90,top
TP1,280.198,54.572,0,top
TP2,254.4985,64.8,0,top
TP3,294.298,71.472,0,top
TP4,257.048,217.2,0,top
TP5,256.998,54.672,0,top
TP6,233.172,106.71,0,top
TP7,270.865,133.672,0,top
TP8,232.41,127.792,0,top
TP9,271.018,22.89,0,top
TP10,289.814,136.428,0,top
TP11,225,149.403,0,top
TP12,227.33,214.66,0,top
TP13,224.79,163.098,0,top
TP14,52.578,72.928,0,top
TP15,227.198,208.559,0,top
TP16,224.79,158.272,0,top
TP17,238.252,86.136,0,top
TP18,76.2,167.162,0,top
TP19,291.5,176.5,0,top
TP20,216.154,26.954,0,top
TP21,195.326,145.064,0,top
TP22,280.162,219.232,0,top
TP23,256.032,201.452,0,top
TP24,295.402,33.812,0,top
TP25,291.846,196.372,0,top
TP26,255.016,185.958,0,top
TP27,291.592,184.688,0,top
TP28,291.846,145.064,0,top
TP29,291.846,163.606,0,top
TP30,202.946,183.418,0,top
TP31,260.858,60.228,0,top
TP32,294.64,15.27,0,top
TP37,43.383,182.101998,0,top
TP38,67.056,176.306,0,top
TP39,67.056,158.78,0,top
TP40,43.383,165.083998,0,top
TP41,66.98,141.518,0,top
TP42,43.129,147.811998,0,top
TP46,100.198,144.672,0,top
TP59,69.088,137.19,0,top
TP60,70.358,115.092,0,top
TP61,66.294,119.156,0,top
TP62,66.548,98.074,0,top
TP63,71.882,94.264,0,top
TP64,66.548,77.246,0,top
TP68,91.44,133.372,0,top
TP81,225,140.403,0,top
TP84,91.198,60.972,0,top
TP85,101.854,50.672,0,top
TP92,114.554,43.464,0,top
TP93,130.81,43.467001,0,top
TP94,135.126,198.912,0,top
TP95,135.126,192.816,0,top
TP96,159.88,199.42,0,top
TP97,159.88,193.324,0,top
TP98,184.858,199.928,0,top
TP99,184.858,193.714,0,top
TP103,159.198,144.572,0,top
TP107,196.342,43.464,0,top
TP108,60.706,200.944,0,top
TP109,60.706,195.356,0,top
TP110,85.598,199.928,0,top
TP111,85.852,192.308,0,top
TP112,111.126,198.912,0,top
TP113,111.126,192.562,0,top
TP117,125.73,144.572,0,top
TP118,14.986,201.706,0,top
TP119,14.986,194.848,0,top
TP120,37.846,201.198,0,top
TP121,37.846,195.102,0,top
TP124,110.598,144.672,0,top
TP125,92.964,113.06,0,top
TP126,136.652,144.556,0,top
TP127,137.998,43.672,0,top
TP128,216.154,52.862,0,top
U1,270.2655,72.166,0,top
U2,264.668,82.072,180,top
U3,275.6355,51.084,180,top
U4,264.6119,44.988,180,top
U5,274.5,114,90,top
U6,241.3,38.012002,90,top
U7,256.5,124.236,90,top
U8,117.898,98.172,0,top
U9,117.898,84.202,0,top
U10,90,51.658,0,top
U11,56.722,58.3936,-90,top
U12,208.398,49.972,180,top
U13,208.398,39.812,180,top
U14,265.176,22.89,0,top
U15,128.9978,91.314,0,top
U16,93.5565,149.382,0,top
U17,241.84,210.502,0,top
U18,269.332,210.596,0,top
U19,241.586,194.5,0,top
U20,68.072,184.688,90,top
U21,68.072,167.589,90,top
U22,68.072,149.89,90,top
U23,269.332,194.594,0,top
U24,241.586,178.498,0,top
U25,61.899,126.929998,0,top
U26,61.899,106.863998,0,top
U27,61.803,86.897998,0,top
U28,70.104,127.538,-90,top
U29,70.104,107.472,-90,top
U30,70.104,86.898,-90,top
U31,269.332,178.592,0,top
U32,81.443,137.472,0,top
U33,214.5,159.015,0,top
U34,214.5,142.403,0,top
U35,217.198,210.472,0,top
U36,269.332,144.302,0,top
U37,218.898,194.372,0,top
U38,244.888,160.532,0,top
U39,244.88,144.254,0,top
U40,213.824,175.713,0,top
U41,269.078,161.694,0,top
U42,56.718,48.64,-90,top
U43,278.47,8.915999,0,top
U44,56.722,39.0896,-90,top
U45,58,25.5,0,top
U46,58,20.5,0,top
U47,104.162,41.943001,0,top
U48,162.6295,149.382,0,top
U49,90,65.628,0,top
U50,104.2095,149.382,0,top
U51,158.349,41.94,0,top
U52,184.511,41.94,0,top
U53,89.169,120.934,0,top
U54,139.698,132.972,0,top
U55,143.814,35.847001,0,top
U56,186.898,175.572,0,top
U57,186.206,157.01,0,top
U58,133.6735,149.382,0,top
U59,208.398,32.284,180,top
U60,139.954,91.724,0,top
U62,90,37.942,0,top
U63,120.954,41.943001,0,top
U64,90,44.8,0,top
U65,103.936,34.069001,0,top
U67,143,196,90,top
U68,167.5,196,90,top
U69,192.986,196,90,top
U70,144.5955,149.382,0,top
U71,153.4855,149.382,0,top
U76,166.731,41.94,0,top
U77,175.875,41.94,0,top
U79,67.818,198.15,90,top
U80,93.5,196,90,top
U81,119,196,90,top
U82,115.6395,149.382,0,top
U83,123.7675,149.382,0,top
U85,45.974,198.15,90,top
U86,23.114,198.15,90,top
U121,175.698,144.772,180,top
U122,175.598,133.772,180,top
U123,238.504,118.1855,-90,top
U124,292.1129,124.508,180,top
